date,trade_type,price,portfolio_value,profitable,position_from,position_to,exit_reason
2021-06-29 15:40:00+00:00,Short,14558.75,99995.0,False,0.0,14558.75,
2021-06-29 15:45:00+00:00,Flat,14555.5,99920.0,True,14558.75,0.0,
2021-06-29 15:50:00+00:00,Short,14559.0,99915.0,False,0.0,0.0,
2021-06-29 15:55:00+00:00,Flat,14564.0,99680.0,False,0.0,0.0,
2021-06-29 16:00:00+00:00,Short,14575.5,99675.0,False,0.0,0.0,
2021-06-29 16:05:00+00:00,Flat,14582.5,99715.0,False,0.0,0.0,
2021-06-29 16:10:00+00:00,Short,14580.25,99710.0,False,0.0,0.0,
2021-06-29 16:15:00+00:00,Flat,14582.5,99675.0,False,0.0,0.0,
2021-06-29 18:15:00+00:00,Short,14579.5,99670.0,False,0.0,0.0,
2021-06-29 18:20:00+00:00,Flat,14582.0,99685.0,False,0.0,0.0,
2021-06-29 18:25:00+00:00,Short,14581.0,99680.0,False,0.0,0.0,
2021-06-29 18:30:00+00:00,Flat,14578.5,99695.0,True,0.0,0.0,
2021-06-29 18:35:00+00:00,Short,14577.5,99690.0,False,0.0,0.0,
2021-06-29 18:40:00+00:00,Flat,14579.0,99705.0,False,0.0,0.0,
2021-06-29 18:45:00+00:00,Short,14578.0,99700.0,False,0.0,0.0,
2021-06-29 18:50:00+00:00,Flat,14579.25,99700.0,False,0.0,0.0,
2021-06-29 18:55:00+00:00,Short,14579.0,99695.0,False,0.0,0.0,
2021-06-29 19:00:00+00:00,Flat,14580.75,99670.0,False,0.0,0.0,
2021-06-29 19:05:00+00:00,Short,14581.75,99665.0,False,0.0,0.0,
2021-06-29 19:10:00+00:00,Flat,14584.0,99670.0,False,0.0,0.0,
2021-06-29 19:15:00+00:00,Short,14583.5,99665.0,False,0.0,0.0,
2021-06-29 19:25:00+00:00,Flat,14586.25,99705.0,False,0.0,0.0,
2021-06-29 19:30:00+00:00,Short,14584.75,99700.0,False,0.0,0.0,
2021-06-29 19:35:00+00:00,Flat,14585.5,99670.0,False,0.0,0.0,
2021-06-29 19:40:00+00:00,Short,14586.75,99665.0,False,0.0,0.0,
2021-06-29 19:50:00+00:00,Flat,14588.75,99655.0,False,0.0,0.0,
2021-06-29 19:55:00+00:00,Short,14587.5,99650.0,False,0.0,0.0,
2021-06-29 20:00:00+00:00,Flat,14592.0,100565.0,False,0.0,0.0,
2021-06-30 13:30:00+00:00,Short,14546.0,100560.0,False,0.0,0.0,
2021-06-30 13:35:00+00:00,Flat,14549.75,100575.0,False,0.0,0.0,
2021-06-30 13:40:00+00:00,Short,14548.75,100570.0,False,0.0,0.0,
2021-06-30 13:45:00+00:00,Flat,14548.25,100620.0,True,0.0,0.0,
2021-06-30 13:50:00+00:00,Short,14545.5,100615.0,False,0.0,0.0,
2021-06-30 13:55:00+00:00,Flat,14548.75,100725.0,False,0.0,0.0,
2021-06-30 14:00:00+00:00,Short,14543.0,100720.0,False,0.0,0.0,
2021-06-30 14:05:00+00:00,Flat,14533.5,100725.0,True,0.0,0.0,
2021-06-30 14:10:00+00:00,Short,14533.0,100720.0,False,0.0,0.0,
2021-06-30 14:15:00+00:00,Flat,14537.0,100805.0,False,0.0,0.0,
2021-06-30 14:20:00+00:00,Short,14532.5,100800.0,False,0.0,0.0,
2021-06-30 14:25:00+00:00,Flat,14536.0,100625.0,False,0.0,0.0,
2021-06-30 14:30:00+00:00,Short,14544.5,100620.0,False,0.0,0.0,
2021-06-30 14:35:00+00:00,Flat,14547.0,100560.0,False,0.0,0.0,
2021-06-30 14:40:00+00:00,Short,14549.75,100555.0,False,0.0,0.0,
2021-06-30 14:45:00+00:00,Flat,14547.25,100625.0,True,0.0,0.0,
2021-06-30 14:50:00+00:00,Short,14543.5,100620.0,False,0.0,0.0,
2021-06-30 14:55:00+00:00,Flat,14543.75,100525.0,False,0.0,0.0,
2021-06-30 15:00:00+00:00,Short,14548.25,100520.0,False,0.0,0.0,
2021-06-30 15:05:00+00:00,Flat,14552.75,100600.0,False,0.0,0.0,
2021-06-30 15:10:00+00:00,Short,14548.5,100595.0,False,0.0,0.0,
2021-06-30 15:15:00+00:00,Flat,14551.0,100490.0,False,0.0,0.0,
2021-06-30 15:20:00+00:00,Short,14556.0,100485.0,False,0.0,0.0,
2021-06-30 15:45:00+00:00,Flat,14560.5,100470.0,False,0.0,0.0,
2021-06-30 15:50:00+00:00,Short,14554.75,100465.0,False,0.0,0.0,
2021-06-30 16:00:00+00:00,Flat,14552.5,100375.0,True,0.0,0.0,
2021-06-30 16:05:00+00:00,Short,14547.75,100370.0,False,0.0,0.0,
2021-06-30 16:10:00+00:00,Flat,14553.0,100395.0,False,0.0,0.0,
2021-06-30 16:15:00+00:00,Short,14551.5,100390.0,False,0.0,0.0,
2021-06-30 16:20:00+00:00,Flat,14552.0,100300.0,False,0.0,0.0,
2021-06-30 16:25:00+00:00,Short,14556.25,100295.0,False,0.0,0.0,
2021-06-30 16:30:00+00:00,Flat,14557.5,100270.0,False,0.0,0.0,
2021-06-30 16:35:00+00:00,Short,14558.5,100265.0,False,0.0,0.0,
2021-06-30 16:40:00+00:00,Flat,14556.25,100245.0,True,0.0,0.0,
2021-06-30 16:45:00+00:00,Short,14557.0,100240.0,False,0.0,0.0,
2021-06-30 16:50:00+00:00,Flat,14555.25,100230.0,True,0.0,0.0,
2021-06-30 16:55:00+00:00,Short,14555.5,100225.0,False,0.0,0.0,
2021-06-30 18:00:00+00:00,Flat,14559.5,100255.0,False,0.0,0.0,
2021-06-30 18:05:00+00:00,Short,14557.75,100250.0,False,0.0,0.0,
2021-06-30 18:10:00+00:00,Flat,14558.0,100275.0,False,0.0,0.0,
2021-06-30 18:15:00+00:00,Short,14556.5,100270.0,False,0.0,0.0,
2021-06-30 18:20:00+00:00,Flat,14557.25,100280.0,False,0.0,0.0,
2021-06-30 18:25:00+00:00,Short,14556.5,100275.0,False,0.0,0.0,
2021-07-01 13:45:00+00:00,Flat,14521.5,101020.0,True,0.0,0.0,
2021-07-01 13:50:00+00:00,Short,14519.75,101015.0,False,0.0,0.0,
2021-07-01 13:55:00+00:00,Flat,14514.25,100830.0,True,0.0,0.0,
2021-07-01 14:05:00+00:00,Short,14538.0,100825.0,False,0.0,0.0,
2021-07-01 14:10:00+00:00,Flat,14531.5,100775.0,True,0.0,0.0,
2021-07-01 14:20:00+00:00,Short,14538.5,100770.0,False,0.0,0.0,
2021-07-01 14:25:00+00:00,Flat,14533.75,100540.0,True,0.0,0.0,
2021-07-01 14:30:00+00:00,Short,14545.0,100535.0,False,0.0,0.0,
2021-07-01 14:35:00+00:00,Flat,14543.0,100440.0,True,0.0,0.0,
2021-07-01 14:40:00+00:00,Short,14547.5,100435.0,False,0.0,0.0,
2021-07-01 14:45:00+00:00,Flat,14546.5,100495.0,True,0.0,0.0,
2021-07-01 15:00:00+00:00,Short,14546.0,100490.0,False,0.0,0.0,
2021-07-01 15:05:00+00:00,Flat,14547.75,100610.0,False,0.0,0.0,
2021-07-01 15:10:00+00:00,Short,14541.5,100605.0,False,0.0,0.0,
2021-07-01 15:15:00+00:00,Flat,14541.0,100590.0,True,0.0,0.0,
2021-07-01 15:20:00+00:00,Short,14541.5,100585.0,False,0.0,0.0,
2021-07-01 15:25:00+00:00,Flat,14535.25,100280.0,True,0.0,0.0,
2021-07-01 15:30:00+00:00,Short,14550.25,100275.0,False,0.0,0.0,
2021-07-01 15:55:00+00:00,Flat,14547.75,100185.0,True,0.0,0.0,
2021-07-01 16:00:00+00:00,Short,14546.5,100180.0,False,0.0,0.0,
2021-07-01 16:05:00+00:00,Flat,14537.5,100205.0,True,0.0,0.0,
2021-07-01 16:10:00+00:00,Short,14536.0,100200.0,False,0.0,0.0,
2021-07-01 16:15:00+00:00,Flat,14539.25,100205.0,False,0.0,0.0,
2021-07-01 16:20:00+00:00,Short,14538.75,100200.0,False,0.0,0.0,
2021-07-01 16:25:00+00:00,Flat,14536.5,100140.0,True,0.0,0.0,
2021-07-01 16:30:00+00:00,Short,14539.25,100135.0,False,0.0,0.0,
2021-07-01 16:35:00+00:00,Flat,14539.75,100120.0,False,0.0,0.0,
2021-07-01 16:40:00+00:00,Short,14540.25,100115.0,False,0.0,0.0,
2021-07-01 16:45:00+00:00,Flat,14538.25,100020.0,True,0.0,0.0,
2021-07-01 16:50:00+00:00,Short,14542.75,100015.0,False,0.0,0.0,
2021-07-01 16:55:00+00:00,Flat,14540.0,100095.0,True,0.0,0.0,
2021-07-01 18:00:00+00:00,Short,14535.75,100090.0,False,0.0,0.0,
2021-07-01 18:05:00+00:00,Flat,14532.5,100010.0,True,0.0,0.0,
2021-07-01 18:10:00+00:00,Short,14536.25,100005.0,False,0.0,0.0,
2021-07-01 18:15:00+00:00,Flat,14536.25,99995.0,False,0.0,0.0,
2021-07-01 18:20:00+00:00,Short,14536.5,99990.0,False,0.0,0.0,
2021-07-01 18:25:00+00:00,Flat,14536.75,99960.0,False,0.0,0.0,
2021-07-01 18:30:00+00:00,Short,14538.0,99955.0,False,0.0,0.0,
2021-07-01 18:35:00+00:00,Flat,14539.0,99990.0,False,0.0,0.0,
2021-07-01 18:40:00+00:00,Short,14537.0,99985.0,False,0.0,0.0,
2021-07-01 18:45:00+00:00,Flat,14537.25,99985.0,False,0.0,0.0,
2021-07-01 18:50:00+00:00,Short,14537.0,99980.0,False,0.0,0.0,
2021-07-01 18:55:00+00:00,Flat,14537.75,99945.0,False,0.0,0.0,
2021-07-01 19:00:00+00:00,Short,14539.25,99940.0,False,0.0,0.0,
2021-07-01 19:10:00+00:00,Flat,14540.5,99965.0,False,0.0,0.0,
2021-07-01 19:15:00+00:00,Short,14538.0,99960.0,False,0.0,0.0,
2021-07-01 19:30:00+00:00,Flat,14538.25,99975.0,False,0.0,0.0,
2021-07-01 19:35:00+00:00,Short,14537.25,99970.0,False,0.0,0.0,
2021-07-02 13:30:00+00:00,Flat,14682.5,96990.0,False,0.0,0.0,
2021-07-02 15:05:00+00:00,Short,14698.75,96985.0,False,0.0,0.0,
2021-07-02 15:10:00+00:00,Flat,14697.75,96860.0,True,0.0,0.0,
2021-07-02 15:15:00+00:00,Short,14703.75,96855.0,False,0.0,0.0,
2021-07-02 15:20:00+00:00,Flat,14706.5,96860.0,False,0.0,0.0,
2021-07-02 15:25:00+00:00,Short,14706.0,96855.0,False,0.0,0.0,
2021-07-02 15:30:00+00:00,Flat,14709.0,96740.0,False,0.0,0.0,
2021-07-02 15:35:00+00:00,Short,14714.5,96735.0,False,0.0,0.0,
2021-07-02 15:40:00+00:00,Flat,14712.75,96670.0,True,0.0,0.0,
2021-07-02 15:45:00+00:00,Short,14715.75,96665.0,False,0.0,0.0,
2021-07-02 15:50:00+00:00,Flat,14725.25,96870.0,False,0.0,0.0,
2021-07-02 15:55:00+00:00,Short,14714.75,96865.0,False,0.0,0.0,
2021-07-02 16:00:00+00:00,Flat,14707.75,96860.0,True,0.0,0.0,
2021-07-02 16:05:00+00:00,Short,14707.75,96855.0,False,0.0,0.0,
2021-07-02 16:10:00+00:00,Flat,14711.25,96820.0,False,0.0,0.0,
2021-07-05 18:00:00+00:00,Short,14703.75,96815.0,False,0.0,0.0,
2021-07-05 18:05:00+00:00,Flat,14706.5,96775.0,False,0.0,0.0,
2021-07-05 18:10:00+00:00,Short,14708.25,96770.0,False,0.0,0.0,
2021-07-05 18:15:00+00:00,Flat,14706.75,96725.0,True,0.0,0.0,
2021-07-05 18:20:00+00:00,Short,14708.75,96720.0,False,0.0,0.0,
2021-07-05 18:25:00+00:00,Flat,14706.25,96725.0,True,0.0,0.0,
2021-07-05 18:35:00+00:00,Short,14708.25,96720.0,False,0.0,0.0,
2021-07-05 18:40:00+00:00,Flat,14707.75,96695.0,True,0.0,0.0,
2021-07-05 18:45:00+00:00,Short,14708.75,96690.0,False,0.0,0.0,
2021-07-05 18:50:00+00:00,Flat,14707.25,96675.0,True,0.0,0.0,
2021-07-05 19:00:00+00:00,Short,14707.0,96670.0,False,0.0,0.0,
2021-07-05 19:05:00+00:00,Flat,14709.75,96695.0,False,0.0,0.0,
2021-07-05 19:20:00+00:00,Short,14711.0,96690.0,False,0.0,0.0,
2021-07-05 19:25:00+00:00,Flat,14711.5,96700.0,False,0.0,0.0,
2021-07-05 19:30:00+00:00,Short,14710.75,96695.0,False,0.0,0.0,
2021-07-05 19:35:00+00:00,Flat,14710.75,96690.0,False,0.0,0.0,
2021-07-05 19:40:00+00:00,Short,14710.75,96685.0,False,0.0,0.0,
2021-07-05 19:45:00+00:00,Flat,14714.25,96645.0,False,0.0,0.0,
2021-07-05 19:50:00+00:00,Short,14716.0,96640.0,False,0.0,0.0,
2021-07-05 19:55:00+00:00,Flat,14714.25,96570.0,True,0.0,0.0,
2021-07-05 20:00:00+00:00,Short,14717.5,96565.0,False,0.0,0.0,
2021-07-06 13:30:00+00:00,Flat,14718.0,96540.0,False,0.0,0.0,
2021-07-06 13:35:00+00:00,Short,14719.0,96535.0,False,0.0,0.0,
2021-07-06 13:40:00+00:00,Flat,14734.25,96460.0,False,0.0,0.0,
2021-07-06 13:45:00+00:00,Short,14737.75,96455.0,False,0.0,0.0,
2021-07-06 13:50:00+00:00,Flat,14739.0,96535.0,False,0.0,0.0,
2021-07-06 13:55:00+00:00,Short,14734.75,96530.0,False,0.0,0.0,
2021-07-06 14:00:00+00:00,Flat,14733.5,96550.0,True,0.0,0.0,
2021-07-06 14:05:00+00:00,Short,14732.25,96545.0,False,0.0,0.0,
2021-07-06 14:10:00+00:00,Flat,14737.0,96325.0,False,0.0,0.0,
2021-07-06 14:15:00+00:00,Short,14747.75,96320.0,False,0.0,0.0,
2021-07-06 14:20:00+00:00,Flat,14747.25,96280.0,True,0.0,0.0,
2021-07-06 14:25:00+00:00,Short,14749.0,96275.0,False,0.0,0.0,
2021-07-06 14:30:00+00:00,Flat,14753.25,96360.0,False,0.0,0.0,
2021-07-06 14:35:00+00:00,Short,14748.75,96355.0,False,0.0,0.0,
2021-07-06 14:40:00+00:00,Flat,14746.5,96410.0,True,0.0,0.0,
2021-07-06 14:45:00+00:00,Short,14743.5,96405.0,False,0.0,0.0,
2021-07-06 14:55:00+00:00,Flat,14746.0,96240.0,False,0.0,0.0,
2021-07-06 15:00:00+00:00,Short,14744.0,96235.0,False,0.0,0.0,
2021-07-06 15:05:00+00:00,Flat,14751.5,96035.0,False,0.0,0.0,
2021-07-06 15:10:00+00:00,Short,14761.25,96030.0,False,0.0,0.0,
2021-07-06 15:20:00+00:00,Flat,14769.5,95860.0,False,0.0,0.0,
2021-07-06 15:25:00+00:00,Short,14774.5,95855.0,False,0.0,0.0,
2021-07-06 15:55:00+00:00,Flat,14776.5,95800.0,False,0.0,0.0,
2021-07-06 16:00:00+00:00,Short,14771.25,95795.0,False,0.0,0.0,
2021-07-06 16:05:00+00:00,Flat,14770.0,95770.0,True,0.0,0.0,
2021-07-06 16:10:00+00:00,Short,14771.0,95765.0,False,0.0,0.0,
2021-07-06 16:15:00+00:00,Flat,14770.5,95770.0,True,0.0,0.0,
2021-07-06 16:20:00+00:00,Short,14770.0,95765.0,False,0.0,0.0,
2021-07-06 16:25:00+00:00,Flat,14771.0,95750.0,False,0.0,0.0,
2021-07-06 16:30:00+00:00,Short,14771.5,95745.0,False,0.0,0.0,
2021-07-06 16:35:00+00:00,Flat,14770.0,95770.0,True,0.0,0.0,
2021-07-06 16:40:00+00:00,Short,14768.5,95765.0,False,0.0,0.0,
2021-07-06 16:45:00+00:00,Flat,14762.25,95790.0,True,0.0,0.0,
2021-07-06 16:50:00+00:00,Short,14760.75,95785.0,False,0.0,0.0,
2021-07-06 16:55:00+00:00,Flat,14763.75,95780.0,False,0.0,0.0,
2021-07-06 18:00:00+00:00,Short,14763.75,95775.0,False,0.0,0.0,
2021-07-06 18:05:00+00:00,Flat,14765.0,95705.0,False,0.0,0.0,
2021-07-06 18:10:00+00:00,Short,14768.25,95700.0,False,0.0,0.0,
2021-07-06 18:15:00+00:00,Flat,14768.25,95650.0,False,0.0,0.0,
2021-07-06 18:20:00+00:00,Short,14770.5,95645.0,False,0.0,0.0,
2021-07-06 18:25:00+00:00,Flat,14772.25,95685.0,False,0.0,0.0,
2021-07-06 18:30:00+00:00,Short,14770.0,95680.0,False,0.0,0.0,
2021-07-06 18:35:00+00:00,Flat,14770.0,95700.0,False,0.0,0.0,
2021-07-06 18:40:00+00:00,Short,14768.75,95695.0,False,0.0,0.0,
2021-07-06 18:45:00+00:00,Flat,14767.25,95715.0,True,0.0,0.0,
2021-07-06 18:50:00+00:00,Short,14766.0,95710.0,False,0.0,0.0,
2021-07-06 18:55:00+00:00,Flat,14765.75,95705.0,True,0.0,0.0,
2021-07-06 19:00:00+00:00,Short,14765.75,95700.0,False,0.0,0.0,
2021-07-06 19:05:00+00:00,Flat,14764.25,95630.0,True,0.0,0.0,
2021-07-06 19:10:00+00:00,Short,14767.5,95625.0,False,0.0,0.0,
2021-07-06 19:15:00+00:00,Flat,14766.5,95670.0,True,0.0,0.0,
2021-07-06 19:20:00+00:00,Short,14764.0,95665.0,False,0.0,0.0,
2021-07-06 19:25:00+00:00,Flat,14760.75,95625.0,True,0.0,0.0,
2021-07-06 19:30:00+00:00,Short,14762.5,95620.0,False,0.0,0.0,
2021-07-06 19:35:00+00:00,Flat,14760.75,95630.0,True,0.0,0.0,
2021-07-06 19:40:00+00:00,Short,14760.0,95625.0,False,0.0,0.0,
2021-07-06 19:45:00+00:00,Flat,14760.25,95580.0,False,0.0,0.0,
2021-07-06 19:50:00+00:00,Short,14762.25,95575.0,False,0.0,0.0,
2021-07-06 19:55:00+00:00,Flat,14764.75,95545.0,False,0.0,0.0,
2021-07-06 20:00:00+00:00,Short,14766.0,95540.0,False,0.0,0.0,
2021-07-07 13:30:00+00:00,Flat,14792.0,95735.0,False,0.0,0.0,
2021-07-07 13:35:00+00:00,Short,14782.0,95730.0,False,0.0,0.0,
2021-07-07 13:40:00+00:00,Flat,14782.25,95525.0,False,0.0,0.0,
2021-07-07 13:45:00+00:00,Short,14792.25,95520.0,False,0.0,0.0,
2021-07-07 13:50:00+00:00,Flat,14803.5,95730.0,False,0.0,0.0,
2021-07-07 13:55:00+00:00,Short,14792.75,95725.0,False,0.0,0.0,
2021-07-07 14:00:00+00:00,Flat,14820.5,95645.0,False,0.0,0.0,
2021-07-07 14:05:00+00:00,Short,14824.25,95640.0,False,0.0,0.0,
2021-07-07 15:00:00+00:00,Flat,14820.25,95500.0,True,0.0,0.0,
2021-07-07 15:05:00+00:00,Short,14819.75,95495.0,False,0.0,0.0,
2021-07-08 13:50:00+00:00,Flat,14734.5,97065.0,True,0.0,0.0,
2021-07-08 13:55:00+00:00,Short,14734.25,97060.0,False,0.0,0.0,
2021-07-08 14:00:00+00:00,Flat,14732.25,97155.0,True,0.0,0.0,
2021-07-08 15:00:00+00:00,Short,14710.75,97150.0,False,0.0,0.0,
2021-07-08 15:05:00+00:00,Flat,14705.25,97395.0,True,0.0,0.0,
2021-07-08 15:20:00+00:00,Short,14695.0,97390.0,False,0.0,0.0,
2021-07-08 15:25:00+00:00,Flat,14693.25,97285.0,True,0.0,0.0,
2021-07-08 15:30:00+00:00,Short,14698.25,97280.0,False,0.0,0.0,
2021-07-08 15:35:00+00:00,Flat,14715.0,97690.0,False,0.0,0.0,
2021-07-08 15:40:00+00:00,Short,14694.25,97685.0,False,0.0,0.0,
2021-07-08 15:45:00+00:00,Flat,14673.0,97385.0,True,0.0,0.0,
2021-07-08 15:55:00+00:00,Short,14722.75,97380.0,False,0.0,0.0,
2021-07-08 16:00:00+00:00,Flat,14713.25,97590.0,True,0.0,0.0,
2021-07-08 16:40:00+00:00,Short,14717.75,97585.0,False,0.0,0.0,
2021-07-08 16:45:00+00:00,Flat,14717.25,97665.0,True,0.0,0.0,
2021-07-08 16:50:00+00:00,Short,14713.0,97660.0,False,0.0,0.0,
2021-07-08 16:55:00+00:00,Flat,14713.0,97815.0,False,0.0,0.0,
2021-07-08 18:00:00+00:00,Short,14705.0,97810.0,False,0.0,0.0,
2021-07-08 18:05:00+00:00,Flat,14710.0,97895.0,False,0.0,0.0,
2021-07-08 18:10:00+00:00,Short,14705.5,97890.0,False,0.0,0.0,
2021-07-08 18:15:00+00:00,Flat,14710.0,97795.0,False,0.0,0.0,
2021-07-08 18:20:00+00:00,Short,14714.5,97790.0,False,0.0,0.0,
2021-07-08 18:25:00+00:00,Flat,14714.5,97935.0,False,0.0,0.0,
2021-07-08 18:30:00+00:00,Short,14707.0,97930.0,False,0.0,0.0,
2021-07-08 18:55:00+00:00,Flat,14697.25,98020.0,True,0.0,0.0,
2021-07-08 19:00:00+00:00,Short,14696.25,98015.0,False,0.0,0.0,
2021-07-08 19:05:00+00:00,Flat,14697.0,98045.0,False,0.0,0.0,
2021-07-08 19:10:00+00:00,Short,14695.25,98040.0,False,0.0,0.0,
2021-07-08 19:15:00+00:00,Flat,14699.25,97945.0,False,0.0,0.0,
2021-07-08 19:20:00+00:00,Short,14703.75,97940.0,False,0.0,0.0,
2021-07-09 13:30:00+00:00,Flat,14808.25,95765.0,False,0.0,0.0,
2021-07-09 15:15:00+00:00,Short,14818.25,95760.0,False,0.0,0.0,
2021-07-09 15:20:00+00:00,Flat,14818.75,95830.0,False,0.0,0.0,
2021-07-09 15:25:00+00:00,Short,14815.0,95825.0,False,0.0,0.0,
2021-07-09 15:30:00+00:00,Flat,14810.5,95850.0,True,0.0,0.0,
2021-07-09 15:35:00+00:00,Short,14809.0,95845.0,False,0.0,0.0,
2021-07-09 15:40:00+00:00,Flat,14803.0,95540.0,True,0.0,0.0,
2021-07-09 15:45:00+00:00,Short,14818.0,95535.0,False,0.0,0.0,
2021-07-09 15:50:00+00:00,Flat,14823.0,95785.0,False,0.0,0.0,
2021-07-09 15:55:00+00:00,Short,14810.25,95780.0,False,0.0,0.0,
2021-07-09 16:00:00+00:00,Flat,14804.25,95690.0,True,0.0,0.0,
2021-07-09 16:55:00+00:00,Short,14814.25,95685.0,False,0.0,0.0,
2021-07-12 13:30:00+00:00,Flat,14833.25,95685.0,False,0.0,0.0,
2021-07-12 14:05:00+00:00,Short,14848.5,95680.0,False,0.0,0.0,
2021-07-12 14:10:00+00:00,Flat,14847.75,95630.0,True,0.0,0.0,
2021-07-12 14:20:00+00:00,Short,14856.0,95625.0,False,0.0,0.0,
2021-07-12 14:25:00+00:00,Flat,14854.25,95490.0,True,0.0,0.0,
2021-07-12 14:30:00+00:00,Short,14860.75,95485.0,False,0.0,0.0,
2021-07-12 14:35:00+00:00,Flat,14856.0,95475.0,True,0.0,0.0,
2021-07-12 14:40:00+00:00,Short,14856.25,95470.0,False,0.0,0.0,
2021-07-12 14:45:00+00:00,Flat,14851.75,95545.0,True,0.0,0.0,
2021-07-12 14:55:00+00:00,Short,14851.5,95540.0,False,0.0,0.0,
2021-07-12 15:00:00+00:00,Flat,14847.75,95410.0,True,0.0,0.0,
2021-07-12 15:05:00+00:00,Short,14854.0,95405.0,False,0.0,0.0,
2021-07-12 15:10:00+00:00,Flat,14857.0,95360.0,False,0.0,0.0,
2021-07-12 15:15:00+00:00,Short,14859.0,95355.0,False,0.0,0.0,
2021-07-12 15:20:00+00:00,Flat,14860.0,95305.0,False,0.0,0.0,
2021-07-12 15:25:00+00:00,Short,14862.25,95300.0,False,0.0,0.0,
2021-07-12 15:30:00+00:00,Flat,14862.0,95360.0,True,0.0,0.0,
2021-07-12 15:35:00+00:00,Short,14858.75,95355.0,False,0.0,0.0,
2021-07-12 15:40:00+00:00,Flat,14856.75,95215.0,True,0.0,0.0,
2021-07-12 15:45:00+00:00,Short,14863.5,95210.0,False,0.0,0.0,
2021-07-12 15:50:00+00:00,Flat,14865.75,95150.0,False,0.0,0.0,
2021-07-12 15:55:00+00:00,Short,14868.5,95145.0,False,0.0,0.0,
2021-07-12 16:00:00+00:00,Flat,14881.5,95185.0,False,0.0,0.0,
2021-07-12 16:05:00+00:00,Short,14879.25,95180.0,False,0.0,0.0,
2021-07-12 16:10:00+00:00,Flat,14880.0,95200.0,False,0.0,0.0,
2021-07-12 19:00:00+00:00,Short,14871.0,95195.0,False,0.0,0.0,
2021-07-12 19:05:00+00:00,Flat,14870.0,95165.0,True,0.0,0.0,
2021-07-12 19:15:00+00:00,Short,14872.25,95160.0,False,0.0,0.0,
2021-07-12 19:20:00+00:00,Flat,14872.0,95135.0,True,0.0,0.0,
2021-07-12 19:25:00+00:00,Short,14873.0,95130.0,False,0.0,0.0,
2021-07-12 19:30:00+00:00,Flat,14874.75,95115.0,False,0.0,0.0,
2021-07-12 19:35:00+00:00,Short,14875.25,95110.0,False,0.0,0.0,
2021-07-12 19:40:00+00:00,Flat,14874.25,95080.0,True,0.0,0.0,
2021-07-12 19:45:00+00:00,Short,14875.5,95075.0,False,0.0,0.0,
2021-07-12 19:50:00+00:00,Flat,14882.5,95120.0,False,0.0,0.0,
2021-07-12 19:55:00+00:00,Short,14880.0,95115.0,False,0.0,0.0,
2021-07-12 20:00:00+00:00,Flat,14878.0,94755.0,True,0.0,0.0,
2021-07-13 13:30:00+00:00,Short,14895.75,94750.0,False,0.0,0.0,
2021-07-13 13:55:00+00:00,Flat,14886.5,95440.0,True,0.0,0.0,
2021-07-13 14:00:00+00:00,Short,14840.5,95435.0,False,0.0,0.0,
2021-07-13 14:05:00+00:00,Flat,14864.5,95125.0,False,0.0,0.0,
2021-07-13 14:10:00+00:00,Short,14879.75,95120.0,False,0.0,0.0,
2021-07-13 14:15:00+00:00,Flat,14878.75,95065.0,True,0.0,0.0,
2021-07-13 14:20:00+00:00,Short,14881.25,95060.0,False,0.0,0.0,
2021-07-13 14:25:00+00:00,Flat,14906.25,95070.0,False,0.0,0.0,
2021-07-13 14:30:00+00:00,Short,14905.5,95065.0,False,0.0,0.0,
2021-07-13 14:35:00+00:00,Flat,14891.5,95370.0,True,0.0,0.0,
2021-07-13 14:40:00+00:00,Short,14876.0,95365.0,False,0.0,0.0,
2021-07-13 14:45:00+00:00,Flat,14879.0,95315.0,False,0.0,0.0,
2021-07-13 14:50:00+00:00,Short,14881.25,95310.0,False,0.0,0.0,
2021-07-13 14:55:00+00:00,Flat,14903.75,95545.0,False,0.0,0.0,
2021-07-13 15:00:00+00:00,Short,14891.75,95540.0,False,0.0,0.0,
2021-07-13 15:05:00+00:00,Flat,14878.75,95545.0,True,0.0,0.0,
2021-07-13 15:10:00+00:00,Short,14878.25,95540.0,False,0.0,0.0,
2021-07-13 15:15:00+00:00,Flat,14877.0,95610.0,True,0.0,0.0,
2021-07-13 15:20:00+00:00,Short,14873.25,95605.0,False,0.0,0.0,
2021-07-13 15:25:00+00:00,Flat,14875.75,95590.0,False,0.0,0.0,
2021-07-13 15:30:00+00:00,Short,14876.25,95585.0,False,0.0,0.0,
2021-07-13 15:35:00+00:00,Flat,14890.75,95650.0,False,0.0,0.0,
2021-07-13 15:40:00+00:00,Short,14887.25,95645.0,False,0.0,0.0,
2021-07-13 15:45:00+00:00,Flat,14877.5,95895.0,True,0.0,0.0,
2021-07-13 15:50:00+00:00,Short,14864.75,95890.0,False,0.0,0.0,
2021-07-13 15:55:00+00:00,Flat,14865.25,96045.0,False,0.0,0.0,
2021-07-13 16:00:00+00:00,Short,14857.25,96040.0,False,0.0,0.0,
2021-07-13 16:05:00+00:00,Flat,14869.25,96035.0,False,0.0,0.0,
2021-07-13 16:10:00+00:00,Short,14869.25,96030.0,False,0.0,0.0,
2021-07-13 16:15:00+00:00,Flat,14865.0,96095.0,True,0.0,0.0,
2021-07-13 16:30:00+00:00,Short,14860.5,96090.0,False,0.0,0.0,
2021-07-13 16:35:00+00:00,Flat,14857.75,96065.0,True,0.0,0.0,
2021-07-13 16:40:00+00:00,Short,14858.75,96060.0,False,0.0,0.0,
2021-07-13 16:45:00+00:00,Flat,14858.5,96060.0,True,0.0,0.0,
2021-07-13 16:50:00+00:00,Short,14858.25,96055.0,False,0.0,0.0,
2021-07-13 16:55:00+00:00,Flat,14865.0,96065.0,False,0.0,0.0,
2021-07-13 18:00:00+00:00,Short,14864.25,96060.0,False,0.0,0.0,
2021-07-13 18:05:00+00:00,Flat,14866.0,96010.0,False,0.0,0.0,
2021-07-13 18:10:00+00:00,Short,14868.25,96005.0,False,0.0,0.0,
2021-07-13 18:15:00+00:00,Flat,14871.0,96015.0,False,0.0,0.0,
2021-07-13 18:20:00+00:00,Short,14870.25,96010.0,False,0.0,0.0,
2021-07-13 18:25:00+00:00,Flat,14869.5,95950.0,True,0.0,0.0,
2021-07-13 18:30:00+00:00,Short,14872.25,95945.0,False,0.0,0.0,
2021-07-13 18:35:00+00:00,Flat,14873.5,95930.0,False,0.0,0.0,
2021-07-13 18:40:00+00:00,Short,14874.0,95925.0,False,0.0,0.0,
2021-07-13 18:50:00+00:00,Flat,14871.0,95970.0,True,0.0,0.0,
2021-07-13 18:55:00+00:00,Short,14870.25,95965.0,False,0.0,0.0,
2021-07-13 19:00:00+00:00,Flat,14871.25,95970.0,False,0.0,0.0,
2021-07-13 19:05:00+00:00,Short,14870.75,95965.0,False,0.0,0.0,
2021-07-13 19:10:00+00:00,Flat,14870.75,95940.0,False,0.0,0.0,
2021-07-13 19:15:00+00:00,Short,14871.75,95935.0,False,0.0,0.0,
2021-07-13 19:20:00+00:00,Flat,14871.25,95985.0,True,0.0,0.0,
2021-07-13 19:25:00+00:00,Short,14868.5,95980.0,False,0.0,0.0,
2021-07-14 13:30:00+00:00,Flat,14909.5,94835.0,False,0.0,0.0,
2021-07-14 13:35:00+00:00,Short,14921.0,94830.0,False,0.0,0.0,
2021-07-14 13:40:00+00:00,Flat,14923.75,95005.0,False,0.0,0.0,
2021-07-14 13:45:00+00:00,Short,14914.75,95000.0,False,0.0,0.0,
2021-07-14 13:50:00+00:00,Flat,14913.5,95065.0,True,0.0,0.0,
2021-07-14 13:55:00+00:00,Short,14910.0,95060.0,False,0.0,0.0,
2021-07-14 14:00:00+00:00,Flat,14918.0,95105.0,False,0.0,0.0,
2021-07-14 14:05:00+00:00,Short,14915.5,95100.0,False,0.0,0.0,
2021-07-14 14:10:00+00:00,Flat,14928.25,94910.0,False,0.0,0.0,
2021-07-14 14:15:00+00:00,Short,14937.5,94905.0,False,0.0,0.0,
2021-07-14 14:20:00+00:00,Flat,14939.75,95035.0,False,0.0,0.0,
2021-07-14 14:25:00+00:00,Short,14933.0,95030.0,False,0.0,0.0,
2021-07-14 14:30:00+00:00,Flat,14934.25,95155.0,False,0.0,0.0,
2021-07-14 14:35:00+00:00,Short,14927.75,95150.0,False,0.0,0.0,
2021-07-14 14:40:00+00:00,Flat,14925.0,95135.0,True,0.0,0.0,
2021-07-14 14:45:00+00:00,Short,14925.5,95130.0,False,0.0,0.0,
2021-07-14 14:50:00+00:00,Flat,14924.75,94990.0,True,0.0,0.0,
2021-07-14 14:55:00+00:00,Short,14931.5,94985.0,False,0.0,0.0,
2021-07-14 15:00:00+00:00,Flat,14938.0,94880.0,False,0.0,0.0,
2021-07-14 15:05:00+00:00,Short,14943.0,94875.0,False,0.0,0.0,
2021-07-14 16:15:00+00:00,Flat,14904.25,95420.0,True,0.0,0.0,
2021-07-14 16:20:00+00:00,Short,14902.5,95415.0,False,0.0,0.0,
2021-07-14 16:25:00+00:00,Flat,14903.0,95425.0,False,0.0,0.0,
2021-07-14 16:30:00+00:00,Short,14902.25,95420.0,False,0.0,0.0,
2021-07-14 16:35:00+00:00,Flat,14902.0,95395.0,True,0.0,0.0,
2021-07-14 16:40:00+00:00,Short,14903.0,95390.0,False,0.0,0.0,
2021-07-14 16:45:00+00:00,Flat,14897.0,95370.0,True,0.0,0.0,
2021-07-14 16:50:00+00:00,Short,14897.75,95365.0,False,0.0,0.0,
2021-07-14 16:55:00+00:00,Flat,14896.75,95420.0,True,0.0,0.0,
2021-07-14 18:00:00+00:00,Short,14893.75,95415.0,False,0.0,0.0,
2021-07-14 18:05:00+00:00,Flat,14896.0,95345.0,False,0.0,0.0,
2021-07-14 18:10:00+00:00,Short,14899.25,95340.0,False,0.0,0.0,
2021-07-14 18:15:00+00:00,Flat,14900.5,95390.0,False,0.0,0.0,
2021-07-14 18:20:00+00:00,Short,14897.75,95385.0,False,0.0,0.0,
2021-07-14 18:25:00+00:00,Flat,14902.25,95405.0,False,0.0,0.0,
2021-07-14 18:30:00+00:00,Short,14901.0,95400.0,False,0.0,0.0,
2021-07-15 13:30:00+00:00,Flat,14736.5,98950.0,True,0.0,0.0,
2021-07-15 14:55:00+00:00,Short,14777.5,98945.0,False,0.0,0.0,
2021-07-15 15:00:00+00:00,Flat,14776.5,99025.0,True,0.0,0.0,
2021-07-15 15:10:00+00:00,Short,14766.25,99020.0,False,0.0,0.0,
2021-07-15 15:15:00+00:00,Flat,14766.0,99135.0,True,0.0,0.0,
2021-07-15 15:20:00+00:00,Short,14760.0,99130.0,False,0.0,0.0,
2021-07-15 15:25:00+00:00,Flat,14769.25,98680.0,False,0.0,0.0,
2021-07-15 15:30:00+00:00,Short,14791.5,98675.0,False,0.0,0.0,
2021-07-15 16:05:00+00:00,Flat,14766.0,98690.0,True,0.0,0.0,
2021-07-15 16:10:00+00:00,Short,14771.5,98685.0,False,0.0,0.0,
2021-07-15 16:15:00+00:00,Flat,14771.0,98705.0,True,0.0,0.0,
2021-07-15 16:20:00+00:00,Short,14769.75,98700.0,False,0.0,0.0,
2021-07-15 16:25:00+00:00,Flat,14770.5,98695.0,False,0.0,0.0,
2021-07-15 16:30:00+00:00,Short,14770.5,98690.0,False,0.0,0.0,
2021-07-15 16:35:00+00:00,Flat,14773.0,98645.0,False,0.0,0.0,
2021-07-15 16:40:00+00:00,Short,14775.0,98640.0,False,0.0,0.0,
2021-07-15 16:45:00+00:00,Flat,14770.75,98550.0,True,0.0,0.0,
2021-07-15 16:50:00+00:00,Short,14775.0,98545.0,False,0.0,0.0,
2021-07-15 16:55:00+00:00,Flat,14776.5,98505.0,False,0.0,0.0,
2021-07-15 18:00:00+00:00,Short,14778.25,98500.0,False,0.0,0.0,
2021-07-15 18:05:00+00:00,Flat,14776.0,98540.0,True,0.0,0.0,
2021-07-15 18:10:00+00:00,Short,14773.75,98535.0,False,0.0,0.0,
2021-07-15 18:15:00+00:00,Flat,14771.75,98545.0,True,0.0,0.0,
2021-07-15 18:20:00+00:00,Short,14771.0,98540.0,False,0.0,0.0,
2021-07-15 18:25:00+00:00,Flat,14767.75,98480.0,True,0.0,0.0,
2021-07-15 18:30:00+00:00,Short,14770.5,98475.0,False,0.0,0.0,
2021-07-15 18:35:00+00:00,Flat,14769.75,98485.0,True,0.0,0.0,
2021-07-15 18:40:00+00:00,Short,14769.0,98480.0,False,0.0,0.0,
2021-07-15 18:45:00+00:00,Flat,14771.5,98445.0,False,0.0,0.0,
2021-07-15 18:50:00+00:00,Short,14773.0,98440.0,False,0.0,0.0,
2021-07-15 19:05:00+00:00,Flat,14773.75,98415.0,False,0.0,0.0,
2021-07-15 19:10:00+00:00,Short,14776.0,98410.0,False,0.0,0.0,
2021-07-16 13:30:00+00:00,Flat,14746.25,99000.0,True,0.0,0.0,
2021-07-19 14:35:00+00:00,Short,14472.5,98995.0,False,0.0,0.0,
2021-07-19 14:40:00+00:00,Flat,14471.0,98765.0,True,0.0,0.0,
2021-07-19 14:45:00+00:00,Short,14482.25,98760.0,False,0.0,0.0,
2021-07-19 14:50:00+00:00,Flat,14482.0,98685.0,True,0.0,0.0,
2021-07-19 14:55:00+00:00,Short,14485.5,98680.0,False,0.0,0.0,
2021-07-19 15:00:00+00:00,Flat,14498.5,98560.0,False,0.0,0.0,
2021-07-19 15:05:00+00:00,Short,14504.25,98555.0,False,0.0,0.0,
2021-07-19 15:30:00+00:00,Flat,14459.5,98885.0,True,0.0,0.0,
2021-07-19 15:55:00+00:00,Short,14553.5,98880.0,False,0.0,0.0,
2021-07-19 16:00:00+00:00,Flat,14563.25,99035.0,False,0.0,0.0,
2021-07-19 16:05:00+00:00,Short,14555.25,99030.0,False,0.0,0.0,
2021-07-19 16:10:00+00:00,Flat,14556.0,98900.0,False,0.0,0.0,
2021-07-19 16:15:00+00:00,Short,14562.25,98895.0,False,0.0,0.0,
2021-07-19 16:20:00+00:00,Flat,14575.25,98905.0,False,0.0,0.0,
2021-07-19 16:25:00+00:00,Short,14574.5,98900.0,False,0.0,0.0,
2021-07-19 16:30:00+00:00,Flat,14580.75,98935.0,False,0.0,0.0,
2021-07-19 16:35:00+00:00,Short,14578.75,98930.0,False,0.0,0.0,
2021-07-19 16:40:00+00:00,Flat,14579.75,98715.0,False,0.0,0.0,
2021-07-19 16:45:00+00:00,Short,14590.25,98710.0,False,0.0,0.0,
2021-07-19 16:50:00+00:00,Flat,14587.5,98610.0,True,0.0,0.0,
2021-07-19 16:55:00+00:00,Short,14592.25,98605.0,False,0.0,0.0,
2021-07-19 18:00:00+00:00,Flat,14595.0,98800.0,False,0.0,0.0,
2021-07-19 18:05:00+00:00,Short,14585.0,98795.0,False,0.0,0.0,
2021-07-19 18:10:00+00:00,Flat,14584.0,98875.0,True,0.0,0.0,
2021-07-19 18:15:00+00:00,Short,14579.75,98870.0,False,0.0,0.0,
2021-07-19 18:20:00+00:00,Flat,14583.25,98885.0,False,0.0,0.0,
2021-07-19 18:25:00+00:00,Short,14582.25,98880.0,False,0.0,0.0,
2021-07-19 18:30:00+00:00,Long,14579.0,98815.0,True,0.0,0.0,
2021-07-19 18:35:00+00:00,Short,14581.75,98795.0,True,0.0,0.0,
2021-07-19 18:40:00+00:00,Flat,14581.25,98780.0,True,0.0,0.0,
2021-07-19 18:45:00+00:00,Short,14581.75,98775.0,False,0.0,0.0,
2021-07-19 18:50:00+00:00,Flat,14586.0,98665.0,False,0.0,0.0,
2021-07-19 18:55:00+00:00,Short,14591.25,98660.0,False,0.0,0.0,
2021-07-19 19:00:00+00:00,Flat,14595.0,98720.0,False,0.0,0.0,
2021-07-19 19:05:00+00:00,Short,14591.75,98715.0,False,0.0,0.0,
2021-07-19 19:10:00+00:00,Flat,14585.0,98645.0,True,0.0,0.0,
2021-07-19 19:15:00+00:00,Short,14588.25,98640.0,False,0.0,0.0,
2021-07-19 19:20:00+00:00,Flat,14584.75,98660.0,True,0.0,0.0,
2021-07-19 19:25:00+00:00,Short,14583.5,98655.0,False,0.0,0.0,
2021-07-19 19:30:00+00:00,Flat,14590.0,98670.0,False,0.0,0.0,
2021-07-19 19:35:00+00:00,Short,14589.0,98665.0,False,0.0,0.0,
2021-07-19 19:40:00+00:00,Flat,14593.75,98665.0,False,0.0,0.0,
2021-07-19 19:45:00+00:00,Short,14593.5,98660.0,False,0.0,0.0,
2021-07-19 19:50:00+00:00,Flat,14592.0,98670.0,True,0.0,0.0,
2021-07-19 19:55:00+00:00,Short,14591.25,98665.0,False,0.0,0.0,
2021-07-19 20:00:00+00:00,Flat,14598.75,96065.0,False,0.0,0.0,
2021-07-20 13:30:00+00:00,Short,14728.5,96060.0,False,0.0,0.0,
2021-07-20 13:35:00+00:00,Flat,14728.25,96190.0,True,0.0,0.0,
2021-07-20 13:40:00+00:00,Short,14721.5,96185.0,False,0.0,0.0,
2021-07-20 13:45:00+00:00,Flat,14715.0,96025.0,True,0.0,0.0,
2021-07-20 13:50:00+00:00,Short,14722.75,96020.0,False,0.0,0.0,
2021-07-20 13:55:00+00:00,Flat,14723.75,95805.0,False,0.0,0.0,
2021-07-20 14:00:00+00:00,Short,14734.25,95800.0,False,0.0,0.0,
2021-07-20 14:05:00+00:00,Flat,14743.25,95795.0,False,0.0,0.0,
2021-07-20 14:10:00+00:00,Short,14743.25,95790.0,False,0.0,0.0,
2021-07-20 14:15:00+00:00,Flat,14750.0,95760.0,False,0.0,0.0,
2021-07-20 14:20:00+00:00,Short,14751.25,95755.0,False,0.0,0.0,
2021-07-20 14:25:00+00:00,Flat,14761.5,95790.0,False,0.0,0.0,
2021-07-20 14:30:00+00:00,Short,14759.5,95785.0,False,0.0,0.0,
2021-07-20 15:20:00+00:00,Flat,14778.0,95310.0,False,0.0,0.0,
2021-07-20 15:25:00+00:00,Short,14775.0,95305.0,False,0.0,0.0,
2021-07-20 16:15:00+00:00,Flat,14725.0,96335.0,True,0.0,0.0,
2021-07-20 16:30:00+00:00,Short,14721.25,96330.0,False,0.0,0.0,
2021-07-20 16:35:00+00:00,Flat,14722.25,96315.0,False,0.0,0.0,
2021-07-20 16:40:00+00:00,Short,14722.75,96310.0,False,0.0,0.0,
2021-07-20 16:45:00+00:00,Flat,14719.75,96090.0,True,0.0,0.0,
2021-07-20 16:50:00+00:00,Short,14730.5,96085.0,False,0.0,0.0,
2021-07-20 16:55:00+00:00,Flat,14726.75,96075.0,True,0.0,0.0,
2021-07-20 18:00:00+00:00,Short,14727.0,96070.0,False,0.0,0.0,
2021-07-20 18:05:00+00:00,Flat,14739.25,96135.0,False,0.0,0.0,
2021-07-20 18:10:00+00:00,Short,14735.75,96130.0,False,0.0,0.0,
2021-07-20 18:15:00+00:00,Flat,14739.75,96065.0,False,0.0,0.0,
2021-07-20 18:20:00+00:00,Short,14742.75,96060.0,False,0.0,0.0,
2021-07-20 18:25:00+00:00,Flat,14739.25,96100.0,True,0.0,0.0,
2021-07-20 18:30:00+00:00,Short,14737.0,96095.0,False,0.0,0.0,
2021-07-20 18:35:00+00:00,Flat,14733.25,96085.0,True,0.0,0.0,
2021-07-20 18:40:00+00:00,Short,14733.5,96080.0,False,0.0,0.0,
2021-07-20 18:45:00+00:00,Flat,14735.0,96080.0,False,0.0,0.0,
2021-07-20 18:50:00+00:00,Short,14734.75,96075.0,False,0.0,0.0,
2021-07-20 18:55:00+00:00,Flat,14735.5,96125.0,False,0.0,0.0,
2021-07-20 19:00:00+00:00,Short,14732.75,96120.0,False,0.0,0.0,
2021-07-20 19:10:00+00:00,Flat,14742.0,95970.0,False,0.0,0.0,
2021-07-20 19:15:00+00:00,Short,14745.0,95965.0,False,0.0,0.0,
2021-07-20 19:30:00+00:00,Flat,14747.25,95995.0,False,0.0,0.0,
2021-07-20 19:35:00+00:00,Short,14743.25,95990.0,False,0.0,0.0,
2021-07-21 13:30:00+00:00,Flat,14766.0,95445.0,False,0.0,0.0,
2021-07-21 13:35:00+00:00,Short,14771.5,95440.0,False,0.0,0.0,
2021-07-21 13:40:00+00:00,Flat,14780.0,95370.0,False,0.0,0.0,
2021-07-21 13:45:00+00:00,Short,14783.25,95365.0,False,0.0,0.0,
2021-07-21 13:50:00+00:00,Flat,14780.75,95400.0,True,0.0,0.0,
2021-07-21 13:55:00+00:00,Short,14778.75,95395.0,False,0.0,0.0,
2021-07-21 14:00:00+00:00,Flat,14779.0,95470.0,False,0.0,0.0,
2021-07-21 14:05:00+00:00,Short,14775.0,95465.0,False,0.0,0.0,
2021-07-21 14:10:00+00:00,Flat,14773.5,95585.0,True,0.0,0.0,
2021-07-21 14:15:00+00:00,Short,14767.25,95580.0,False,0.0,0.0,
2021-07-21 14:20:00+00:00,Flat,14773.25,95500.0,False,0.0,0.0,
2021-07-21 14:25:00+00:00,Short,14777.0,95495.0,False,0.0,0.0,
2021-07-21 14:30:00+00:00,Flat,14780.5,95570.0,False,0.0,0.0,
2021-07-21 14:35:00+00:00,Short,14776.5,95565.0,False,0.0,0.0,
2021-07-21 14:40:00+00:00,Flat,14782.25,95545.0,False,0.0,0.0,
2021-07-21 14:45:00+00:00,Short,14783.0,95540.0,False,0.0,0.0,
2021-07-21 14:50:00+00:00,Flat,14784.0,95460.0,False,0.0,0.0,
2021-07-21 14:55:00+00:00,Short,14787.75,95455.0,False,0.0,0.0,
2021-07-21 15:30:00+00:00,Flat,14802.25,95350.0,False,0.0,0.0,
2021-07-21 15:35:00+00:00,Short,14796.5,95345.0,False,0.0,0.0,
2021-07-21 15:50:00+00:00,Flat,14819.75,94670.0,False,0.0,0.0,
2021-07-21 15:55:00+00:00,Short,14828.0,94665.0,False,0.0,0.0,
2021-07-21 16:25:00+00:00,Flat,14827.5,94720.0,True,0.0,0.0,
2021-07-21 16:30:00+00:00,Short,14829.5,94715.0,False,0.0,0.0,
2021-07-21 19:10:00+00:00,Flat,14834.5,94645.0,False,0.0,0.0,
2021-07-21 19:15:00+00:00,Short,14834.25,94640.0,False,0.0,0.0,
2021-07-22 13:30:00+00:00,Flat,14909.75,93170.0,False,0.0,0.0,
2021-07-22 13:35:00+00:00,Short,14910.0,93165.0,False,0.0,0.0,
2021-07-22 13:40:00+00:00,Flat,14907.0,93175.0,True,0.0,0.0,
2021-07-22 13:45:00+00:00,Short,14906.25,93170.0,False,0.0,0.0,
2021-07-22 13:50:00+00:00,Flat,14909.5,93240.0,False,0.0,0.0,
2021-07-22 13:55:00+00:00,Short,14905.75,93235.0,False,0.0,0.0,
2021-07-22 14:00:00+00:00,Flat,14905.0,93230.0,True,0.0,0.0,
2021-07-22 14:05:00+00:00,Short,14905.0,93225.0,False,0.0,0.0,
2021-07-22 14:10:00+00:00,Flat,14915.25,93190.0,False,0.0,0.0,
2021-07-22 14:15:00+00:00,Short,14916.75,93185.0,False,0.0,0.0,
2021-07-22 14:20:00+00:00,Flat,14918.75,93230.0,False,0.0,0.0,
2021-07-22 14:25:00+00:00,Short,14916.25,93225.0,False,0.0,0.0,
2021-07-22 14:30:00+00:00,Flat,14912.75,93205.0,True,0.0,0.0,
2021-07-22 14:35:00+00:00,Short,14913.5,93200.0,False,0.0,0.0,
2021-07-22 14:40:00+00:00,Flat,14911.75,93200.0,True,0.0,0.0,
2021-07-22 14:45:00+00:00,Short,14911.5,93195.0,False,0.0,0.0,
2021-07-22 14:50:00+00:00,Flat,14914.25,93015.0,False,0.0,0.0,
2021-07-22 14:55:00+00:00,Short,14923.0,93010.0,False,0.0,0.0,
2021-07-22 15:00:00+00:00,Flat,14923.25,93170.0,False,0.0,0.0,
2021-07-22 15:05:00+00:00,Short,14915.0,93165.0,False,0.0,0.0,
2021-07-22 15:10:00+00:00,Flat,14919.0,93175.0,False,0.0,0.0,
2021-07-22 15:15:00+00:00,Short,14918.25,93170.0,False,0.0,0.0,
2021-07-22 15:20:00+00:00,Flat,14919.5,92995.0,False,0.0,0.0,
2021-07-22 15:25:00+00:00,Short,14928.0,92990.0,False,0.0,0.0,
2021-07-22 16:00:00+00:00,Flat,14944.0,92570.0,False,0.0,0.0,
2021-07-22 16:05:00+00:00,Short,14940.5,92565.0,False,0.0,0.0,
2021-07-22 16:15:00+00:00,Flat,14948.0,92320.0,False,0.0,0.0,
2021-07-22 16:20:00+00:00,Short,14957.0,92315.0,False,0.0,0.0,
2021-07-22 18:30:00+00:00,Flat,14975.0,92035.0,False,0.0,0.0,
2021-07-22 18:35:00+00:00,Short,14972.0,92030.0,False,0.0,0.0,
2021-07-23 13:30:00+00:00,Flat,15097.25,89630.0,False,0.0,0.0,
2021-07-23 13:35:00+00:00,Short,15093.25,89625.0,False,0.0,0.0,
2021-07-23 13:40:00+00:00,Flat,15097.0,89505.0,False,0.0,0.0,
2021-07-23 13:45:00+00:00,Short,15102.75,89500.0,False,0.0,0.0,
2021-07-23 13:50:00+00:00,Flat,15100.5,89560.0,True,0.0,0.0,
2021-07-23 15:00:00+00:00,Short,15091.75,89555.0,False,0.0,0.0,
2021-07-23 15:05:00+00:00,Flat,15096.5,89715.0,False,0.0,0.0,
2021-07-23 15:10:00+00:00,Short,15088.25,89710.0,False,0.0,0.0,
2021-07-23 15:15:00+00:00,Flat,15091.25,89745.0,False,0.0,0.0,
2021-07-23 15:20:00+00:00,Short,15089.25,89740.0,False,0.0,0.0,
2021-07-23 15:25:00+00:00,Flat,15094.5,89630.0,False,0.0,0.0,
2021-07-23 15:30:00+00:00,Short,15099.75,89625.0,False,0.0,0.0,
2021-07-23 15:35:00+00:00,Flat,15111.5,89720.0,False,0.0,0.0,
2021-07-23 15:40:00+00:00,Short,15106.5,89715.0,False,0.0,0.0,
2021-07-23 15:45:00+00:00,Flat,15109.25,89825.0,False,0.0,0.0,
2021-07-23 15:50:00+00:00,Short,15103.5,89820.0,False,0.0,0.0,
2021-07-23 15:55:00+00:00,Flat,15098.75,90015.0,True,0.0,0.0,
2021-07-23 16:00:00+00:00,Short,15088.75,90010.0,False,0.0,0.0,
2021-07-23 16:05:00+00:00,Flat,15092.75,89950.0,False,0.0,0.0,
2021-07-23 16:50:00+00:00,Short,15092.0,89945.0,False,0.0,0.0,
